<?xml version="1.0" encoding="UTF-8"?>
<project-private xmlns="http://www.netbeans.org/ns/project-private/1">
    <open-files xmlns="http://www.netbeans.org/ns/projectui-open-files/2">
        <group>
            <file>file:/C:/Users/joelv/OneDrive/Documents/NetBeansProjects/PatronPrototype/src/Prototype/Cat.java</file>
            <file>file:/C:/Users/joelv/OneDrive/Documents/NetBeansProjects/PatronPrototype/src/Prototype/Animal.java</file>
            <file>file:/C:/Users/joelv/OneDrive/Documents/NetBeansProjects/PatronPrototype/src/Prototype/Main.java</file>
            <file>file:/C:/Users/joelv/OneDrive/Documents/NetBeansProjects/PatronPrototype/src/Prototype/Parrot.java</file>
        </group>
    </open-files>
</project-private>
