<?xml version="1.0" encoding="UTF-8"?>
<project-private xmlns="http://www.netbeans.org/ns/project-private/1">
    <editor-bookmarks xmlns="http://www.netbeans.org/ns/editor-bookmarks/2" lastBookmarkId="0"/>
    <open-files xmlns="http://www.netbeans.org/ns/projectui-open-files/2">
        <group>
            <file>file:/C:/Users/joelv/OneDrive/Documents/NetBeansProjects/patrones/patrones/PatronesEjercicio1/PatronesEjercicios1/src/factory/Main.java</file>
            <file>file:/C:/Users/joelv/OneDrive/Documents/NetBeansProjects/patrones/patrones/PatronesEjercicio1/PatronesEjercicios1/src/factory/Producto.java</file>
            <file>file:/C:/Users/joelv/OneDrive/Documents/NetBeansProjects/patrones/patrones/PatronesEjercicio1/PatronesEjercicios1/src/factory/ListaDePreciosMayoreo.java</file>
            <file>file:/C:/Users/joelv/OneDrive/Documents/NetBeansProjects/patrones/patrones/PatronesEjercicio1/PatronesEjercicios1/src/factory/ListaDePreciosStandard.java</file>
            <file>file:/C:/Users/joelv/OneDrive/Documents/NetBeansProjects/patrones/patrones/PatronesEjercicio1/PatronesEjercicios1/src/factory/ListaDePreciosVIP.java</file>
            <file>file:/C:/Users/joelv/OneDrive/Documents/NetBeansProjects/patrones/patrones/PatronesEjercicio1/PatronesEjercicios1/src/factory/ListaDePrecios.java</file>
        </group>
    </open-files>
</project-private>
