<?xml version="1.0" encoding="UTF-8"?>
<project-private xmlns="http://www.netbeans.org/ns/project-private/1">
    <editor-bookmarks xmlns="http://www.netbeans.org/ns/editor-bookmarks/2" lastBookmarkId="0"/>
    <open-files xmlns="http://www.netbeans.org/ns/projectui-open-files/2">
        <group>
            <file>file:/C:/Users/DELL/OneDrive/Desktop/Servicio_Estudiante/src/ec/edu/dionisio/consumoapi/Estudiante.java</file>
            <file>file:/C:/Users/DELL/OneDrive/Desktop/Servicio_Estudiante/src/ec/edu/dionisio/consumoapi/Principal.java</file>
            <file>file:/C:/Users/DELL/OneDrive/Desktop/Servicio_Estudiante/src/ec/edu/dionisio/consumoapi/main.java</file>
            <file>file:/C:/Users/DELL/OneDrive/Desktop/Servicio_Estudiante/src/ec/edu/dionisio/consumoapi/Api.java</file>
        </group>
    </open-files>
</project-private>
