<?xml version="1.0" encoding="UTF-8"?>
<project-private xmlns="http://www.netbeans.org/ns/project-private/1">
    <editor-bookmarks xmlns="http://www.netbeans.org/ns/editor-bookmarks/2" lastBookmarkId="0"/>
    <open-files xmlns="http://www.netbeans.org/ns/projectui-open-files/2">
        <group>
            <file>file:/C:/Users/joelv/OneDrive/Documents/NetBeansProjects/patrones/patrones/PatronesEjercicio2/src/factory/FacturaPrototype.java</file>
            <file>file:/C:/Users/joelv/OneDrive/Documents/NetBeansProjects/patrones/patrones/PatronesEjercicio2/src/factory/Factura.java</file>
            <file>file:/C:/Users/joelv/OneDrive/Documents/NetBeansProjects/patrones/patrones/PatronesEjercicio2/src/factory/FacturaFactory.java</file>
            <file>file:/C:/Users/joelv/OneDrive/Documents/NetBeansProjects/patrones/patrones/PatronesEjercicio2/src/factory/FacturaType.java</file>
            <file>file:/C:/Users/joelv/OneDrive/Documents/NetBeansProjects/patrones/patrones/PatronesEjercicio2/src/factory/FacturaIvaReducido.java</file>
            <file>file:/C:/Users/joelv/OneDrive/Documents/NetBeansProjects/patrones/patrones/PatronesEjercicio2/src/factory/FactoryMain.java</file>
            <file>file:/C:/Users/joelv/OneDrive/Documents/NetBeansProjects/patrones/patrones/PatronesEjercicio2/src/factory/Iiva.java</file>
            <file>file:/C:/Users/joelv/OneDrive/Documents/NetBeansProjects/patrones/patrones/PatronesEjercicio2/src/factory/FacturaIVA.java</file>
        </group>
    </open-files>
</project-private>
